Gene_set,Term,Overlap,P-value,Adjusted P-value,Old P-value,Old Adjusted P-value,Odds Ratio,Combined Score,Genes
MSigDB_Hallmark_2020,Myc Targets V1,168/200,2.824513076535857e-63,1.4122565382679284e-61,0,0,14.329958560934262,2063.8654731621227,EIF4A1;HDDC2;RPL34;HNRNPU;HNRNPR;PWP1;RPL6;UBE2L3;PSMD8;EEF1B2;FBL;PSMD7;SNRPD2;SNRPD1;MYC;RUVBL2;PSMD1;SNRPD3;TXNL4A;KPNA2;DDX18;SMARCC1;STARD7;EIF1AX;RPS5;RPL22;IFRD1;RPS6;MRPS18B;UBE2E1;ILF2;CLNS1A;VDAC3;SRSF2;SNRPG;NHP2;SRSF3;VDAC1;ERH;HPRT1;PPIA;SRSF7;SNRPA;KPNB1;SET;PSMD14;GLO1;CUL1;NOLC1;GSPT1;PRDX3;LDHA;PRDX4;PCBP1;G3BP1;PGK1;XRCC6;NOP16;CBX3;GOT2;PA2G4;EIF2S2;EIF2S1;SRPK1;LSM2;AIMP2;COPS5;CDK4;CDK2;HNRNPD;UBA2;RNPS1;HNRNPC;EIF4G2;YWHAE;SLC25A3;HSP90AB1;SYNCRIP;XPO1;YWHAQ;C1QBP;RACK1;DHX15;AP3S1;MRPL9;ACP1;CCT3;TOMM70;CCT2;RFC4;NCBP1;VBP1;NCBP2;PABPC4;RAD23B;NME1;GNL3;PSMA4;TFDP1;PSMA1;PSMA2;CANX;TCP1;MCM4;SNRPA1;ETF1;PABPC1;MCM6;MCM2;PRPS2;HDAC2;PCNA;SF3B3;SRSF1;DDX21;TYMS;COX5A;PSMA7;HSPD1;EXOSC7;PSMB2;PSMB3;TRA2B;FAM120A;POLD2;RPS3;RPL14;EIF4H;SNRPB2;RPS2;BUB3;RPL18;CCT7;HNRNPA1;EIF4E;CCT5;CCT4;NOP56;RANBP1;NPM1;SF3A1;DUT;HNRNPA3;RRM1;SSB;PTGES3;CNBP;NAP1L1;DEK;HSPE1;RSL1D1;PSMC6;XPOT;PSMC4;APEX1;IMPDH2;HNRNPA2B1;SERBP1;NDUFAB1;EIF3J;POLE3;HDGF;SSBP1;TARDBP;ABCE1;EIF3D;RAN;MAD2L1
MSigDB_Hallmark_2020,Oxidative Phosphorylation,155/200,1.5627106265806402e-49,3.9067765664516e-48,0,0,9.3702868595766,1053.0351579446367,ISCA1;MTRR;ACAA2;COX6A1;TOMM22;MPC1;ATP6V1E1;ACAA1;PDHX;ATP6V1G1;PHYH;ATP6V0E1;SDHC;SDHD;SDHA;ATP1B1;SDHB;COX6B1;AFG3L2;OXA1L;COX7A2L;VDAC3;VDAC2;SUCLG1;VDAC1;UQCRC2;ISCU;MAOB;UQCRB;COX15;MGST3;COX17;ATP5MC2;ATP5MC3;COX7A2;MRPL15;UQCRH;MRPL11;ACAT1;TIMM50;PRDX3;LDHA;RHOT2;CYB5R3;RHOT1;GRPEL1;ATP6V1H;COX11;NDUFV2;ATP6V1D;ATP5MG;ATP6V1C1;ATP5MF;COX10;DECR1;ATP6V1F;ATP5ME;HSPA9;SURF1;PDHA1;IDH1;GOT2;ACADSB;CS;GLUD1;CYCS;ACO2;GPI;COX7B;MRPS15;SLC25A3;ACADVL;HCCS;ETFA;TCIRG1;MRPL34;COX7C;CASP7;AIFM1;OPA1;NNT;IDH3B;TIMM17A;UQCRFS1;ACADM;DLAT;IDH3A;COX8A;TOMM70;ATP6V0B;ATP6AP1;GPX4;MRPS22;NDUFC2;NDUFC1;HADHB;SUPV3L1;NDUFS8;NDUFS6;NDUFS4;NDUFS3;NDUFS2;NDUFS1;SLC25A5;SLC25A12;DLD;SLC25A4;SLC25A6;FH;NDUFB8;ECHS1;OAT;NDUFB6;NDUFB5;TIMM9;NDUFB4;NDUFB3;NDUFB1;UQCR11;UQCR10;TIMM10;MRPS30;PDHB;COX5B;COX5A;ATP5F1A;ATP5F1B;MFN2;NDUFA9;TIMM8B;ATP5PF;NDUFA8;CYB5A;NQO2;NDUFA7;ATP5PD;NDUFA6;MDH1;NDUFA5;ATP5PB;MTX2;MDH2;NDUFA4;NDUFA3;NDUFA2;NDUFA1;IMMT;ATP5F1C;COX6C;ATP5F1E;LRPPRC;PDP1;SUCLA2;NDUFAB1;ATP5PO
MSigDB_Hallmark_2020,mTORC1 Signaling,140/200,2.727625934614862e-36,4.546043224358104e-35,0,0,6.323215289488477,517.805771455978,TES;TFRC;PITPNB;UBE2D3;ARPC5L;PLOD2;TMEM97;ENO1;PNP;TBK1;NAMPT;PSPH;IGFBP5;IFRD1;ACSL3;TUBA4A;SYTL2;ACLY;DDX39A;MTHFD2;PPA1;DDIT3;PSME3;DDIT4;MTHFD2L;TRIB3;HPRT1;NUPR1;PPIA;SKAP2;IDI1;NUP205;PSMD12;PSMD14;SHMT2;PSMD13;INSIG1;RPN1;GMPS;PIK3R3;SLC1A5;CORO1A;ADIPOR2;ACACA;HSP90B1;SLC9A3R1;STIP1;LDHA;EBP;RDH11;PRDX1;SERPINH1;PGK1;SSR1;LTA4H;ATP6V1D;HSPA9;XBP1;HSPA5;GOT1;PNO1;HSPA4;SRD5A1;EDEM1;IDH1;PLK1;M6PR;ASNS;DHCR24;EIF2S2;CCT6A;SQLE;GCLC;COPS5;BHLHE40;NMT1;PSMG1;LGMN;GPI;GSK3B;BTG2;ITGB2;SLC2A1;ATP2A2;HK2;SERP1;PGM1;ACTR3;ACTR2;TPI1;HMGCS1;ELOVL5;SORD;CACYBP;TUBG1;UCHL5;SLC7A5;PSMA3;PSMA4;CANX;MCM4;ETF1;ALDOA;EEF1E1;MCM2;RAB1A;USO1;CXCR4;GLRX;HMGCR;ADD3;UNG;HSPD1;GGA2;PSMB5;SC5D;YKT6;LDLR;SEC11A;CYB5B;EGLN3;NFYC;TXNRD1;GSR;RPA1;IMMT;PDAP1;GTF2H1;HSPE1;RIT1;UFM1;PFKL;PSMC6;PSMC4;SCD;PSMC2;CCNG1;TCEA1;CD9;GLA
MSigDB_Hallmark_2020,Protein Secretion,75/96,5.086825832489178e-25,6.358532290611472e-24,0,0,9.587718834294176,536.3175601353595,ARF1;CLTC;SNAP23;ICA1;CLTA;RAB22A;GOLGA4;SCRN1;AP1G1;LAMP2;TMED2;ARFIP1;AP3S1;DNM1L;RAB2A;TPD52;DST;STX7;COG2;ADAM10;OCRL;AP3B1;SCAMP1;ARFGAP3;TOM1L1;VAMP7;TMX1;ERGIC3;VAMP4;SEC22B;VAMP3;COPB2;CD63;TMED10;TSG101;STX16;COPB1;VPS4B;GOSR2;USO1;ATP1A1;CLCN3;NAPG;CLN5;LMAN1;SNX2;AP2S1;ATP6V1H;MAPK1;YKT6;SEC31A;ARFGEF1;ARFGEF2;MON2;BNIP3;GBF1;M6PR;AP2B1;STAM;IGF2R;ARCN1;SOD1;RAB14;PPT1;GNAS;YIPF6;ANP32E;RAB9A;VPS45;SEC24D;PAM;RAB5A;GLA;COPE;BET1
MSigDB_Hallmark_2020,Unfolded Protein Response,80/113,8.137353866793443e-22,8.137353866793443e-21,0,0,6.508666430845419,316.06349088626695,EIF4A2;EIF4A1;POP4;EIF4A3;HERPUD1;CKS1B;TATDN2;SERP1;KIF5B;MTREX;BANF1;TTC37;SLC30A5;WIPI1;PDIA6;YWHAZ;PDIA5;DNAJC3;SLC7A5;TUBB2A;MTHFD2;DKC1;DDIT4;NHP2;GEMIN4;KDELR3;ATF6;DCP2;EXOC2;ATF4;SHC1;GOSR2;CEBPG;PARN;NOLC1;SDAD1;HSP90B1;EXOSC5;EXOSC4;EXOSC10;BAG3;STC2;EXOSC9;EIF4EBP1;SSR1;DNAJB9;EXOSC2;EIF4E;SEC11A;EXOSC1;SEC31A;PAIP1;HSPA9;NOP56;XBP1;NOP14;NPM1;HSPA5;NFYA;WFS1;NFYB;EDEM1;EIF2AK3;LSM1;ASNS;EEF2;EIF2S1;LSM4;VEGFA;CNOT4;SPCS3;CNOT6;SPCS1;XPOT;DNAJA4;CNOT2;SRPRA;SRPRB;ALDH18A1;EIF4G1
MSigDB_Hallmark_2020,Estrogen Response Early,115/200,2.6403062838417643e-19,2.200255236534804e-18,0,0,3.642999758650197,155.84105183806292,SCARB1;WWC1;ABAT;HR;NADSYN1;CELSR1;AQP3;CELSR2;TSKU;RAPGEFL1;IGF1R;DEPTOR;CCND1;MYC;MYB;SLC39A6;SYBU;MREG;CISH;IGFBP4;KRT8;OVOL2;SULT2B1;AR;ADCY9;CLDN7;SCNN1A;PPIF;PGR;FKBP4;IL6ST;NBL1;SLC26A2;SLC22A5;PEX11A;ARL3;RHOBTB3;ISG20L2;UGCG;SLC9A3R1;SYNGR1;STC2;BAG1;FDFT1;XBP1;EGR3;SLC37A1;WFS1;SIAH2;GREB1;INHBB;MED13L;CXCL12;BHLHE40;BCL2;LAD1;B4GALT1;NXT1;HSPB8;FHL2;SLC2A1;AREG;PRSS23;AFF1;FAM102A;ANXA9;RRP12;KLF10;TGIF2;ELOVL5;DYNLT3;MYOF;FOS;NAV2;RHOD;IL17RB;SLC7A5;ELF1;MED24;ESRP2;RARA;TFF3;TFF1;CD44;TMPRSS3;ASB13;ADD3;TOB1;TMEM164;SLC7A2;THSD4;AKAP1;MUC1;PDLIM3;ABLIM1;OLFML3;P2RY2;LRIG1;RBBP8;FLNB;HES1;CA12;FARP1;KDM4B;TPBG;AMFR;TPD52L1;KLF4;TTC39A;KRT19;MLPH;CHPT1;RAB17;GLA;TJP3
MSigDB_Hallmark_2020,Adipogenesis,113/200,3.4049603894996647e-18,2.432114563928332e-17,0,0,3.495564298387719,140.59613460787935,SCARB1;MTCH2;ACAA2;ITSN1;ARAF;GHITM;COX6A1;SCP2;HADH;PHYH;APLP2;MCCC1;TALDO1;SDHC;CMBL;SDHB;SLC5A6;ACLY;CMPK1;SPARCL1;SUCLG1;RTN3;CD151;PFKFB3;MGST3;AK2;BAZ2A;MRPL15;SLC1A5;ADIPOR2;SULT1A1;C3;PRDX3;BCL2L13;GRPEL1;UBC;G3BP2;RREB1;DECR1;STAT5A;IDH1;EPHX2;RMDN3;COQ9;DNAJC15;COQ5;CS;COQ3;REEP5;NMT1;ACO2;REEP6;SLC25A1;COX7B;RNF11;SOWAHC;HSPB8;AIFM1;ALDH2;ACADM;DLAT;PGM1;YWHAG;HIBCH;IDH3A;COX8A;JAGN1;GPX4;CHUK;IFNGR1;GPX3;ACOX1;CAT;NDUFS3;ALDOA;TKT;DLD;MGLL;PPP1R15B;ECHS1;ATL2;UQCR11;UQCR10;TANK;TOB1;ADCY6;AGPAT3;SAMM50;GPAT4;UBQLN1;SNCG;DNAJB9;DRAM2;MAP4K3;PTCD3;CAVIN1;NDUFA5;RIOK3;MDH2;SQOR;VEGFB;CYP4B1;IMMT;FAH;SOD1;DHRS7;PFKL;LPCAT3;CCNG2;NDUFAB1;ATP5PO;PDCD4;ESYT1
MSigDB_Hallmark_2020,E2F Targets,111/200,4.048638666242586e-17,2.530399166401616e-16,0,0,3.3548183108795704,126.6295155958328,JPT1;NUP107;POP7;TFRC;CSE1L;MKI67;SMC3;SMC4;IPO7;PNN;PTTG1;MYC;STMN1;NBN;KPNA2;TMPO;HUS1;CDC25B;ILF3;DDX39A;MELK;MTHFD2;SRSF2;ASF1A;ASF1B;SLBP;NUP205;DNMT1;CDCA3;PRKDC;SHMT1;AK2;NOLC1;PDS5B;GSPT1;PRDX4;ORC6;RACGAP1;UBR7;RAD21;XRCC6;CBX5;PLK1;HMGA1;NUP153;PA2G4;PAICS;EIF2S1;STAG1;CDK4;UBE2T;ANP32E;HNRNPD;CDK1;CNOT9;EZH2;TOP2A;CDKN1B;HMGB2;HMGB3;BRCA1;CTCF;CKS1B;SYNCRIP;XPO1;POLE;RFC1;RFC2;TUBG1;SMC1A;DCK;NME1;RAD51C;CKS2;MCM3;MCM4;BIRC5;LUC7L3;MCM6;DCTPP1;MCM2;PRPS1;PCNA;SRSF1;UNG;PSMC3IP;POLD3;TRA2B;EXOSC8;POLD2;RBBP7;NOP56;RANBP1;DUT;SPAG5;RPA1;DONSON;RPA2;NAP1L1;DEK;SSRP1;MLH1;NUDT21;WEE1;PHF5A;RPA3;NCAPD2;RAD1;RAN;MAD2L1;CDKN3
MSigDB_Hallmark_2020,G2-M Checkpoint,109/200,4.440610861513998e-16,2.4670060341744438e-15,0,0,3.220320662943614,113.84016953488334,JPT1;HNRNPU;MKI67;SMC4;SMC2;MT2A;PTTG1;CCND1;SNRPD1;MYC;KIF5B;STMN1;CDC27;NEK2;KPNA2;HMGN2;TMPO;TLE3;SMARCC1;SLC38A1;HUS1;LIG3;PRPF4B;CDC25B;SAP30;ILF3;DDX39A;EWSR1;DKC1;NCL;SRSF2;NUP98;KPNB1;NOTCH2;YTHDC1;TROAP;CUL3;CUL1;NOLC1;PDS5B;EFNA5;GSPT1;ORC5;ORC6;RACGAP1;RAD21;G3BP1;ABL1;MAP3K20;HSPA8;UBE2C;ODF2;PLK1;CBX1;HMGA1;CDC6;TPX2;SQLE;STAG1;UCK2;CDK4;HNRNPD;CDK1;EZH2;TOP2A;CDKN1B;NUMA1;AMD1;HMGB3;CTCF;TENT4A;CKS1B;SYNCRIP;XPO1;PBK;POLE;TNPO2;SS18;PRMT5;ATRX;SMC1A;RAD23B;SLC7A5;SFPQ;TFDP1;NUP50;CKS2;MCM3;BIRC5;MCM6;TOP1;PAFAH1B1;MCM2;DTYMK;SRSF1;TRA2B;KATNA1;E2F1;E2F3;BUB3;SRSF10;SLC12A2;GINS2;RPA2;MAPK14;CUL4A;CENPF;MAD2L1;CDKN3
MSigDB_Hallmark_2020,DNA Repair,84/150,1.3399845082524577e-13,6.69992254126229e-13,0,0,3.411796436458035,101.12888129198812,FEN1;ARL6IP1;GTF2B;CETN2;SNAPC5;POLB;SEC61A1;PNP;ZNRD1;MRPL40;GUK1;MPC2;PDE4B;TMED2;NELFCD;NELFE;RFC4;GPX4;NCBP2;RFC2;NME3;NME4;EDF1;VPS37B;RBX1;NME1;APRT;NT5C3A;DDB1;DAD1;POLR1C;POLR1D;HPRT1;SRSF6;UMPS;EIF1B;VPS28;POM121;GTF2A2;RALA;TSG101;PCNA;CSTF3;GMPR2;DCTN4;COX17;TAF9;SUPT4H1;XPC;AAAS;TYMS;ADCY6;POLD3;SDCBP;DGUOK;POLR2A;POLR2D;POLR2G;POLR2H;STX3;POLR2I;POLR2J;RAE1;POLR2K;SF3A3;SURF1;DUT;BRF2;TAF12;POLR3GL;RPA2;GTF2H1;SSRP1;SMAD5;ZWINT;GTF2H5;NUDT9;NUDT21;ERCC3;POLR3C;ERCC1;RPA3;IMPDH2;TAF6
MSigDB_Hallmark_2020,Estrogen Response Late,102/200,1.0328452180031105e-12,4.694750990923229e-12,0,0,2.7932605600379685,77.09037076115133,SCARB1;HR;CELSR2;CXCL14;RAPGEFL1;CCND1;TRIM29;MYB;LARGE1;UNC13B;CISH;IGFBP4;METTL3;PRLR;OVOL2;SULT2B1;ALDH3A2;SCNN1A;PPIF;PGR;HPRT1;KIF20A;FKBP4;IL6ST;NBL1;S100A9;SLC26A2;SLC22A5;ARL3;SCUBE2;SLC9A3R1;PRKAR2B;BAG1;FDFT1;XBP1;EGR3;WFS1;SIAH2;CDC6;CXCL12;DLG5;BCL2;CPE;FGFR3;TOP2A;BTG3;MOCS2;SERPINA1;NXT1;HSPB8;PRSS23;AREG;AFF1;SERPINA5;FAM102A;IMPA2;MDK;ANXA9;HMGCS2;TPSAB1;JAK1;ELOVL5;DYNLT3;MYOF;SORD;EMP2;FOS;IL17RB;SLC7A5;UGDH;RABEP1;TFF3;TFF1;SLC29A1;CD44;TMPRSS3;ADD3;TOB1;PDLIM3;PERP;AGR2;RBBP8;FLNB;MEST;CA12;FARP1;GINS2;TPBG;AMFR;ATP2B4;COX6C;TPD52L1;KLF4;ASS1;MAPK13;KRT19;TSPAN13;PDCD4;CD9;CHPT1;GLA;TJP3
MSigDB_Hallmark_2020,Apoptosis,80/161,1.3727552890639186e-09,5.719813704432995e-09,0,0,2.6428948867340565,53.93209167585383,IFITM3;TOP2A;APP;BTG3;BTG2;CDKN1B;HMGB2;BRCA1;SAT1;LGALS3;CASP7;CASP8;CCND1;CASP6;CASP3;PEA15;TNFSF10;TIMP2;TSPO;TIMP3;CASP2;TIMP1;DNM1L;PDGFRB;BNIP3L;DFFA;ANXA1;GPX4;GPX3;IFNGR1;MMP2;IL18;BGN;DCN;CDC25B;RHOB;DNAJC3;DDIT3;RARA;VDAC2;ETF1;CD44;DAP3;ROCK1;SLC20A1;PSEN2;XIAP;PSEN1;ADD1;EBP;RHOT2;PAK1;BCL2L11;ERBB3;LMNA;ERBB2;SC5D;CD14;BID;MCL1;JUN;CREBBP;EGR3;GSN;GADD45B;LUM;MGMT;GSR;SOD2;IGF2R;PTK2;SOD1;DNAJA1;CYLD;DAP;WEE1;CDK2;PPT1;PDCD4;CTNNB1
MSigDB_Hallmark_2020,Androgen Response,55/100,5.130687065488649e-09,1.881917823433562e-08,0,0,3.263617361367269,62.29601388278455,SRP19;B4GALT1;NGLY1;DBI;SAT1;ELK4;CCND1;ZMIZ1;PGM3;PMEPA1;RRP12;TPD52;HMGCS1;TSC22D1;ELOVL5;NCOA4;KRT8;SORD;ACSL3;INPP4B;AZGP1;SELENOP;SMS;IDI1;SLC26A2;INSIG1;STK39;GNAI3;UAP1;HMGCR;MYL12A;CAMKK2;LMAN1;MAP7;DNAJB9;PDLIM5;SLC38A2;SPDEF;RAB4A;XRCC6;UBE2I;XRCC5;TMEM50A;GSR;DHCR24;PA2G4;SPCS3;KRT19;CDK6;APPBP2;VAPA;SCD;GPD1L;BMPR1B;SEC24D
MSigDB_Hallmark_2020,Glycolysis,93/200,5.269369905613973e-09,1.881917823433562e-08,0,0,2.3272277846440126,44.3601150714621,B4GALT1;CHPF;XYLT2;PLOD2;ENO1;PYGL;HK2;NSDHL;FAM162A;CASP6;STMN1;PGM2;QSOX1;SOX9;ME2;GUSB;IL13RA1;TPI1;GLCE;PGAM1;IGFBP3;COG2;TALDO1;SDHC;PHKA2;DCN;SAP30;VCAN;MED24;PKM;HAX1;DDIT4;TFF3;PKP2;ANG;KDELR3;KIF20A;ALDOA;FKBP4;ALDH7A1;DLD;PPIA;CD44;DSC2;B4GALT4;GNE;ALDH9A1;COPB2;PRPS1;RPE;CXCR4;GLRX;TXN;ARPP19;PPP2CB;LDHA;FUT8;STC2;GPC1;MXI1;PGK1;BPNT1;GPC4;NDUFV3;ANKZF1;LHPP;CYB5A;EGLN3;SLC35A3;MDH1;GOT1;HSPA5;MDH2;IDH1;TPBG;GFPT1;GOT2;ECD;SRD5A3;VEGFA;SOD1;EXT2;EFNA3;GCLC;GNPDA1;COL5A1;PSMC4;P4HA2;CDK1;SDC1;PAM;POLR3K;PFKP
MSigDB_Hallmark_2020,Myc Targets V2,37/58,7.398033013851386e-09,2.4660110046171292e-08,0,0,4.696901260504202,87.9356281397548,PPAN;NOLC1;TMEM97;RABEPK;HK2;HSPD1;UNG;EXOSC5;TCOF1;MYC;RRP12;NOP56;DDX18;NPM1;NOP16;CBX3;PRMT3;PLK1;SORD;IMP4;TFB2M;PA2G4;PPRC1;HSPE1;GNL3;BYSL;SUPV3L1;RCL1;AIMP2;LAS1L;CDK4;GRWD1;NDUFAF4;MRTO4;MCM4;DCTPP1;SLC29A2
MSigDB_Hallmark_2020,Fatty Acid Metabolism,77/158,8.385724398932176e-09,2.4663895290976988e-08,0,0,2.5423731138545955,47.27983920463857,ACADVL;ACAA2;ECI2;HCCS;ALAD;NSDHL;MCEE;LGALS1;IDH3B;NBN;ACADM;HMGCS2;ACAA1;HADH;GLUL;HIBCH;YWHAH;GABARAPL1;HSP90AA1;HSDL2;HMGCS1;ELOVL5;BCKDHB;SDHC;SDHD;SDHA;ALDH3A2;HADHB;UGDH;ACOX1;PSME1;SMS;SUCLG2;SUCLG1;XIST;ALDOA;DLD;MGLL;BLVRA;ALDH9A1;GCDH;IDI1;FH;SLC22A5;ECHS1;RAP1GDS1;HSD17B4;PDHB;HSD17B7;ADIPOR2;BPHL;ACAT2;PTS;CRYZ;LDHA;HSPH1;RDH11;TP53INP2;PCBD1;DECR1;PDHA1;MDH1;MDH2;IDH1;EPHX1;DHCR24;PRDX6;GSTZ1;GRHPR;SUCLA2;OSTC;APEX1;SERINC1;ACO2;REEP6;BMPR1B;METAP1
MSigDB_Hallmark_2020,UV Response Up,77/158,8.385724398932176e-09,2.4663895290976988e-08,0,0,2.5423731138545955,47.27983920463857,BTG3;FEN1;BTG2;BTG1;TFRC;AMD1;HNRNPU;C4BPB;AQP3;ICAM1;GLS;SPR;PPAT;CASP3;HYAL2;ACAA1;PRKACA;RFC4;GPX3;IGFBP2;PRKCD;SIGMAR1;FOS;HLA-F;TUBA4A;RHOB;PRPF3;SELENOW;PPIF;TMBIM6;IL6ST;FKBP4;ALDOA;SLC25A4;CNP;RPN1;TGFBRAP1;CEBPG;DDX21;WIZ;HSPA13;SULT1A1;CYB5R1;STIP1;NXF1;PPP1R2;DNAJB1;PDLIM3;BCL2L11;GRPEL1;EPCAM;CREG1;AP2S1;MGAT1;POLR2H;BID;YKT6;ATP6V1C1;ATP6V1F;CYB5B;CHKA;EPHX1;ASNS;GGH;CDC5L;PDAP1;HSPA2;SOD2;NFKBIA;DNAJA1;SLC6A8;EIF2S3;EIF5;NAT1;CDK2;POLE3;PPT1
MSigDB_Hallmark_2020,Mitotic Spindle,89/199,1.060150370764282e-07,2.944862141011895e-07,0,0,2.164333198353243,34.75850917049197,TOP2A;YWHAE;TRIO;NUMA1;ITSN1;WASL;SMC3;ARHGAP5;SMC4;ARHGAP4;PREX1;PCM1;PPP4R2;KIF5B;ARHGDIA;CDC27;NCK2;TLK1;NEK2;KIFAP3;CDK5RAP2;NCK1;ARHGEF11;RALBP1;ARHGEF12;DST;RFC1;TSC1;ACTN4;SMC1A;DYNLL2;CKAP5;TUBA4A;CD2AP;LATS1;CLIP1;CTTN;ALS2;CDC42EP4;RASA1;GEMIN4;BIRC5;ATG4B;ARHGEF2;EZR;MAPRE1;ARL8A;VCL;ARF6;PAFAH1B1;NOTCH2;RABGAP1;STAU1;ROCK1;PXN;HDAC6;CDC42;CYTH2;RHOT2;BCL2L11;RACGAP1;KIF3B;KATNA1;ABL1;STK38L;FLNB;PCNT;ECT2;PDLIM5;WASF2;ARFGEF1;FARP1;GSN;MID1IP1;PLK1;RANBP9;HOOK3;SSH2;CDC42BPA;LRPPRC;NET1;ANLN;TPX2;CENPF;DLG1;ABI1;NF1;CDK1;RAB3GAP1
MSigDB_Hallmark_2020,PI3K/AKT/mTOR  Signaling,54/105,1.4651280813937197e-07,3.8556002141940004e-07,0,0,2.825612044559664,44.4642634087102,ATF1;GSK3B;ARF1;CDKN1B;YWHAB;CAB39L;UBE2D3;CLTC;PTEN;PRKAG1;SLC2A1;ECSIT;TBK1;ARHGDIA;RAC1;MAP3K7;NCK1;ACTR3;VAV3;ACTR2;PLA2G12A;DUSP3;DDIT3;CSNK2B;AKT1S1;TRIB3;RAF1;RALB;CAB39;MAPKAP1;PIK3R3;CXCR4;ACACA;HSP90B1;MAPK9;PRKAR2A;MKNK2;E2F1;THEM4;MAPK1;RIPK1;EIF4E;PAK4;SMAD2;PTPN11;PPP1CA;RIT1;CDK4;ARPC3;CDK2;UBE2N;CDK1;GRB2;MYD88
MSigDB_Hallmark_2020,Epithelial Mesenchymal Transition,88/200,3.026929086872447e-07,7.567322717181117e-07,0,0,2.10111868091085,31.53894081337119,ITGB1;SPARC;COL16A1;ELN;COL12A1;TNC;PLOD2;AREG;SAT1;COMP;EFEMP2;LGALS1;SGCB;TIMP3;PMEPA1;QSOX1;TIMP1;PDGFRB;POSTN;TPM4;DST;IGFBP4;IGFBP3;TPM2;MMP2;ITGA2;IGFBP2;BGN;PLAUR;PCOLCE;EMP3;GEM;DCN;RHOB;GREM1;ACTA2;SFRP4;VCAN;COL4A2;COL6A2;COL6A3;PPIB;MYL9;MXRA5;CD44;PFN2;NOTCH2;TAGLN;COPA;NNMT;SDC4;LRP1;HTRA1;CAPG;FBLN1;TNFRSF11B;THY1;THBS2;FSTL1;FBLN2;CALD1;GPC1;SERPINH1;SPP1;CD59;MEST;CAP2;CTHRC1;IL32;JUN;GADD45B;LUM;FN1;VEGFA;COL1A1;COL3A1;COL1A2;SLC6A8;CXCL12;COL5A1;COL5A2;MGP;CALU;PMP22;SDC1;VIM;FMOD;FBN1
MSigDB_Hallmark_2020,heme Metabolism,87/200,6.413040200850005e-07,1.5269143335357157e-06,0,0,2.058334838360123,29.35136532744013,ISCA1;BTG2;TFRC;GDE1;SLC2A1;AQP3;NUDT4;CCDC28A;ALAD;HEBP1;PSMD9;NNT;RNF19A;CDC27;LAMP2;ACP5;CIR1;FBXO7;RBM5;FBXO9;CTSB;HTATIP2;CAST;BNIP3L;ARHGEF12;GLRX5;SLC11A2;NCOA4;SLC30A1;RAD23A;VEZF1;BPGM;GAPVD1;TENT5C;MINPP1;TFDP2;CAT;BMP2K;ATG4A;TOP1;OPTN;BLVRA;USP15;GYPC;IGSF3;FECH;MGST3;DCUN1D1;GMPS;FOXO3;ADIPOR1;PPOX;CLCN3;RAP1GAP;ADD1;TRAK2;C3;PRDX2;SDCBP;SEC14L1;MXI1;TSPAN5;DCAF10;MARK3;CDR2;ATP6V0A1;RIOK3;EIF2AK1;NEK7;XPO7;ASNS;MBOAT2;PDZK1IP1;KLF3;UBAC1;RCL1;SLC25A38;GCLC;SLC6A8;ARL2BP;P4HA2;MKRN1;TCEA1;HDGF;YPEL5;TMEM9B;PICALM
MSigDB_Hallmark_2020,Pperoxisome,52/104,7.742430769057705e-07,1.759643356604024e-06,0,0,2.6674654377880183,37.53491970477913,TOP2A;SLC23A2;ABCD3;ECI2;IDE;SCP2;NUDT19;LONP2;TSPO;ACAA1;YWHAH;SMARCC1;ELOVL5;PEX2;SULT2B1;GNPAT;SLC25A17;ACOX1;PEX5;CAT;ITGB1BP1;PABPC1;SLC25A4;ALDH9A1;IDI1;CRABP2;SEMA3C;CTBP1;PEX11A;MVP;VPS4B;PEX11B;CRABP1;HSD17B4;CLN8;PRDX5;ATXN1;RDH11;PRDX1;FIS1;FDPS;HSD3B7;IDH1;EPHX2;CNBP;DHCR24;SOD2;PEX13;SOD1;CDK7;ERCC3;ERCC1
MSigDB_Hallmark_2020,Reactive Oxygen Species Pathway,29/49,2.944460206163392e-06,6.401000448181286e-06,0,0,3.860012848751836,49.159521926615824,NDUFB4;MGST1;GLRX;TXN;PDLIM1;PRDX2;PRDX4;PRDX1;HMOX2;CDKN2D;NQO1;NDUFA6;GPX4;GPX3;TXNRD1;GSR;OXSR1;GLRX2;SOD2;PRDX6;ATOX1;SOD1;GCLC;SELENOS;CAT;NDUFS2;PFKP;FTL;LAMTOR5
MSigDB_Hallmark_2020,UV Response Dn,62/144,3.584722092846161e-05,7.468171026762836e-05,0,0,2.0163997928067925,20.640361315844,PHF3;CDKN1B;PTEN;FHL2;ICA1;TENT4A;IGF1R;SIPA1L1;ZMIZ1;MYC;PDGFRB;PIAS3;IGFBP5;ANXA2;DUSP1;ANXA4;BCKDHB;ATRX;RUNX1;VAV2;INPP4B;ATRN;PLCB4;DDAH1;MGLL;NOTCH2;YTHDC1;INSIG1;GCNT1;PIK3R3;SRI;ADD3;ATP2C1;SCAF8;ATXN1;RXRA;PRKAR2B;ERBB2;SPOP;APBB2;PDLIM5;LDLR;CAP2;RBPMS;MGMT;NEK7;ATP2B4;NR1D2;ATP2B1;CDC42BPA;MAPK14;NFKB1;COL1A1;DLG1;COL3A1;COL1A2;NFIB;COL5A2;BHLHE40;PMP22;CDK13;BMPR1A
MSigDB_Hallmark_2020,Cholesterol Homeostasis,34/74,0.0004761469930479209,0.0009522939860958416,0,0,2.261721477126585,17.3016806380858,IDI1;ACSS2;TMEM97;HMGCR;HSD17B7;ACAT2;CXCL16;ACTG1;LGALS3;NSDHL;EBP;ATXN2;ALCAM;TP53INP1;SC5D;MAL2;GUSB;LDLR;S100A11;FDFT1;FDPS;ABCA2;HMGCS1;CHKA;PLAUR;LSS;SREBF2;SQLE;SCD;ETHE1;CD9;CTNNB1;TRIB3;LGMN
MSigDB_Hallmark_2020,TGF-beta Signaling,26/54,0.0009029226152750762,0.0017363896447597,0,0,2.4692061744896088,17.308823436233485,BCAR3;BMPR2;SLC20A1;HDAC1;UBE2D3;XIAP;ARID4B;LTBP2;FNTA;PMEPA1;MAP3K7;SKIL;ACVR1;TGIF1;KLF10;SMURF1;IFNGR2;TGFBR1;RHOA;PPP1CA;FKBP1A;PPM1A;CTNNB1;ID3;ENG;BMPR1A
MSigDB_Hallmark_2020,Hypoxia,75/200,0.0011131128582209,0.0020613201078165,0,0,1.5991854868567197,10.875412525040511,SLC25A1;GPI;SCARB1;TES;BTG1;CDKN1B;SLC2A1;ENO1;HK2;HK1;MT2A;FAM162A;CASP6;IDS;PGM2;LARGE1;PGM1;TPD52;BNIP3L;TPI1;ANXA2;DUSP1;IGFBP3;BGN;PLAUR;FOS;DCN;JMJD6;SAP30;SULT2B1;DDIT3;DDIT4;PKP1;S100A4;KDELR3;ALDOA;FBP1;TMEM45A;LXN;PFKFB3;SDC4;NEDD4L;CXCR4;GLRX;FOXO3;LDHA;PRDX5;STC2;GPC1;MXI1;PGK1;GPC4;ANKZF1;CA12;JUN;DTNA;MAP3K1;CAVIN1;HSPA5;SIAH2;TPBG;KLHL24;VEGFA;GRHPR;EFNA3;PFKL;KLF6;COL5A1;XPNPEP1;P4HA2;CCNG2;BHLHE40;BCL2;PAM;PFKP
MSigDB_Hallmark_2020,Notch Signaling,17/32,0.0018075206839965,0.0031389058268836,0,0,3.011428571428572,19.019578043540854,NOTCH2;PSENEN;NOTCH3;TCF7L2;FBXW11;FZD7;PSEN2;CUL1;ARRB1;DTX4;SAP30;RBX1;APH1A;LFNG;CCND1;HES1;SKP1
MSigDB_Hallmark_2020,p53 Pathway,74/200,0.0018205653795925,0.0031389058268836,0,0,1.5649418753249955,9.872605112780576,RB1;APP;BTG2;CSRNP2;STEAP3;BTG1;CD81;DGKA;ABAT;TRIAP1;TM7SF3;SAT1;RRP8;SEC61A1;HINT1;FAM162A;RPL36;KIF13B;RACK1;NUDT15;CTSD;RPS12;PHLDA3;TSC22D1;PRMT2;DNTTIP2;TRAFD1;FOS;PRKAB1;TM4SF1;VAMP8;RAD51C;DDIT3;DDIT4;TRIB3;S100A4;NUPR1;ANKRA2;ISCU;POM121;PCNA;HDAC3;EI24;RPS27L;NOL8;XPC;FOXO3;RCHY1;ACVR1B;TOB1;ZFP36L1;SERTAD3;RXRA;ZMAT3;PERP;MKNK2;RPL18;HEXIM1;JUN;EPHX1;ELP1;TPRKB;WWP1;INHBB;KLF4;TPD52L1;BAIAP2;BLCAP;SP1;CCNG1;MDM2;SDC1;PLXNB2;COQ8A
MSigDB_Hallmark_2020,Complement,70/200,0.0106708727115572,0.0177847878525954,0,0,1.4333413950576888,6.507710245881649,GMFB;SERPINA1;ITGAM;PRDM4;PREP;C4BPB;LIPA;CTSS;LGALS3;CTSO;CASP7;CSRP1;CTSL;CASP3;LAMP2;TIMP2;TIMP1;CTSD;CTSB;DUSP5;USP8;FCER1G;PRKCD;PLAUR;RBSN;DUSP6;COL4A2;IRF2;SERPING1;ADAM9;ANG;LAP3;CD46;RAF1;S100A9;C1QA;USP14;USP15;USP16;C1S;LRP1;C1R;SRC;GNAI3;GATA3;PSEN1;RNF4;C3;PPP2CB;CCL5;CD59;LTA4H;CD55;GCA;HSPA5;BRPF3;FN1;ATOX1;PSMB9;PDP1;RABIF;XPNPEP1;GNB2;APOC1;GNB4;CALM3;GRB2;CALM1;LGMN;HSPA1A
MSigDB_Hallmark_2020,Angiogenesis,16/36,0.0206941022888926,0.0333775843369235,0,0,2.1245925654642006,8.238971389335639,LRPAP1;APP;POSTN;LUM;FSTL1;PTK2;SERPINA5;VEGFA;VAV2;VCAN;COL3A1;COL5A2;SPP1;S100A4;TIMP1;TNFRSF21
MSigDB_Hallmark_2020,Coagulation,47/138,0.0498593258564139,0.0779051966506468,0,0,1.372723777143667,4.116180499935953,ARF4;C1QA;SPARC;SERPINA1;WDR1;C1S;LRP1;PEF1;C1R;HPN;PREP;HTRA1;CRIP2;PRSS23;DUSP14;COMP;C3;CTSO;CSRP1;CTSK;LAMP2;CAPN2;TIMP3;LTA4H;TIMP1;RAC1;HMGCS2;A2M;CTSB;ANXA1;GSN;VWF;MMP2;ITGA2;F12;FN1;DUSP6;RABIF;GNB2;APOC1;SERPING1;ADAM9;CD9;ANG;ISCU;LGMN;FBN1
MSigDB_Hallmark_2020,Apical Junction,65/200,0.0622782940082996,0.0915857264827936,0,0,1.2800361336946702,3.553562487868976,ITGB1;COL16A1;B4GALT1;CTNND1;PTEN;WASL;PIK3CB;ACTB;ICAM1;ACTG1;TIAL1;MDK;AKT2;DHX16;HADH;TMEM8B;YWHAH;CAP1;VWF;ITGA2;MMP2;TSC1;ACTN4;TUBG1;VAV2;CLDN4;VCAN;RASA1;CLDN7;EXOC4;CERCAM;ADAM9;MYL9;VCL;SKAP2;SHC1;SRC;INSIG1;WNK4;PIK3R3;TNFRSF11B;THY1;MYL12B;CNN2;TSPAN4;CTNNA1;MAP3K20;RSU1;MPZL1;CD99;MPZL2;VASP;LAMB3;PARVA;MAPK14;BAIAP2;PTK2;MAPK13;DLG1;ARPC2;ZYX;NF1;NECTIN4;FBN1;NECTIN1
MSigDB_Hallmark_2020,Xenobiotic Metabolism,65/200,0.0622782940082996,0.0915857264827936,0,0,1.2800361336946702,3.553562487868976,SLC35B1;ATP2A2;SPINT2;TMEM97;CROT;CSAD;CNDP2;MT2A;ALDH2;CASP6;ACP1;MCCC2;GABARAPL1;GSTO1;ELOVL5;IGFBP4;SSR3;DHPS;PTGR1;PGD;CYP27A1;UGDH;MTHFD1;NPC1;DDAH2;ACOX1;CAT;TMBIM6;HPRT1;ACOX3;GART;FBP1;ALDH9A1;AHCY;SHMT2;SAR1B;FBLN1;SLC1A5;ARPP19;BPHL;ADH5;PTS;RAP1GAP;PGRMC1;NFS1;TKFC;SERTAD1;HACL1;PDLIM5;GSTM4;NQO1;CYB5A;GSS;TMEM176B;PTGES3;IDH1;GSR;EPHX1;FAH;DHRS1;ESR1;DHRS7;GCLC;NMT1;ACO2
MSigDB_Hallmark_2020,Apical Surface,17/44,0.0693134554938688,0.0990192221340983,0,0,1.6716320716320716,4.461780290746344,APP;GSTM3;B4GALT1;CRYBG1;ATP8B1;NCOA6;PLAUR;ADAM10;LYPD3;THY1;BRCA1;GATA3;EFNA5;ADIPOR2;RTN4RL1;EPHB4;TMEM8B
MSigDB_Hallmark_2020,Bile Acid Metabolism,38/112,0.0754973674385206,0.1048574547757231,0,0,1.36417664216892,3.5245652015405686,BCAR3;SLC23A2;IDI1;ABCD3;PEX11A;HSD17B4;CROT;PRDX5;ATXN1;RXRA;SCP2;LONP2;HACL1;NUDT12;ABCA2;HSD3B7;PHYH;PEX19;PNPLA8;IDH1;EPHX2;DHCR24;PEX1;PEX13;SOD1;CYP27A1;SULT2B1;GNPAT;AR;PEX7;NPC1;RBP1;CAT;SLC29A1;PFKM;SLC27A5;OPTN;ALDH9A1
MSigDB_Hallmark_2020,Interferon Gamma Response,64/200,0.0835700833430411,0.1129325450581637,0,0,1.2507579791569317,3.1044684541880905,IFITM3;LGALS3BP;IFITM2;BTG1;ADAR;ICAM1;IFIH1;MT2A;CASP7;PNP;CASP8;CASP3;NAMPT;TNFSF10;PDE4B;TRIM25;TRIM26;HLA-B;TRAFD1;HLA-A;BPGM;NUP93;VAMP8;PSMA3;IFI27;MTHFD2;PSMA2;IRF2;PSME1;TRIM14;PSME2;SERPING1;LAP3;VAMP5;LY6E;C1S;C1R;MVP;SRI;RNF213;PSMB2;CCL5;ST3GAL5;RIPK1;CD74;PTPN1;AUTS2;STAT1;STAT3;EIF2AK2;ISG15;TDRD7;PARP14;TOR1B;SOD2;NFKB1;PSMB9;BST2;NFKBIA;ZNFX1;HLA-DRB1;MYD88;PTPN2;PFKP
MSigDB_Hallmark_2020,TNF-alpha Signaling via NF-kB,63/200,0.1100017101987085,0.1447390923667217,0,0,1.2219172246055778,2.697088238547984,BTG3;BTG2;BTG1;B4GALT1;TNC;LITAF;AREG;SAT1;ICAM1;IFIH1;CCND1;MYC;NAMPT;SLC16A6;PDE4B;PMEPA1;DENND5A;CCNL1;PHLDA2;DUSP4;KLF10;TGIF1;DUSP5;TSC22D1;DUSP1;IFNGR2;IL18;PLAUR;FOS;GEM;RHOB;TUBB2A;IL6ST;CD44;B4GALT5;PFKFB3;SDC4;TANK;SNN;CCL5;HES1;PDLIM5;LDLR;MCL1;STAT5A;EGR1;JUN;EGR3;GADD45B;LAMB3;ATP2B1;SOD2;KLF4;NFKB1;KLF2;EIF1;VEGFA;NFKBIA;PER1;RCAN1;KLF6;BHLHE40;NFE2L2
MSigDB_Hallmark_2020,Interferon Alpha Response,31/97,0.1835431727982648,0.2353117599977754,0,0,1.2468617500751178,2.1138114143843865,IFITM3;LGALS3BP;IFITM2;CNP;C1S;ADAR;IFIH1;NUB1;CASP8;TRIM25;TRIM26;CD74;HLA-C;TRAFD1;EIF2AK2;ISG15;TDRD7;PARP14;PARP9;PSMB9;BST2;PSMA3;ELF1;IFI27;IRF2;PSME1;TRIM14;PSME2;LAP3;CD47;LY6E
MSigDB_Hallmark_2020,IL-2/STAT5 Signaling,60/199,0.210795219404337,0.2634940242554212,0,0,1.1461917783476745,1.7844694630935145,IFITM3;CYFIP1;RNH1;BMPR2;CD81;CTSZ;AHR;ITGAE;HK2;IGF1R;ALCAM;PNP;MYC;CASP3;TNFSF10;ENPP1;DENND5A;GABARAPL1;CISH;GPX4;IFNGR1;GSTO1;ANXA4;CKAP4;RHOB;SERPINB6;TWSG1;CDCP1;PTRH2;COL6A1;ITGA6;IRF6;UMPS;CD44;TNFRSF21;SLC29A2;PLEC;AHCY;AHNAK;CAPG;SLC1A5;SOCS2;MUC1;SPP1;LRIG1;SNX9;XBP1;GADD45B;HUWE1;CDC6;FAH;IGF2R;UCK2;KLF6;MYO1C;SNX14;BHLHE40;BCL2;EEF1AKMT1;CDC42SE2
MSigDB_Hallmark_2020,Hedgehog Signaling,9/36,0.6864386756418351,0.8231428539159457,0,0,0.8836869056327725,0.3324769357794766,TLE3;ADGRG1;TLE1;CDK6;RASA1;NF1;THY1;CELSR1;VEGFA
MSigDB_Hallmark_2020,Myogenesis,52/200,0.6957878621797982,0.8231428539159457,0,0,0.9310001245485116,0.3376834842041043,EIF4A2;RB1;ITGB1;APP;VIPR1;SPARC;HSPB8;MB;AKT2;LARGE1;EPHB3;GABARAPL2;ATP6AP1;TPM3;GPX3;TPM2;IGFBP3;IFRD1;NAV2;ADCY9;COL4A2;TNNT1;COL6A2;COL6A3;TAGLN;PSEN2;AEBP1;ABLIM1;ERBB3;STC2;BAG1;APOD;IGFBP7;MEF2D;SPDEF;NQO1;FDPS;DTNA;GSN;GADD45B;PDE4DIP;TPD52L1;COL1A1;FABP3;COL3A1;RIT1;SLC6A8;MYO1C;SCD;BHLHE40;PLXNB2;PFKM
MSigDB_Hallmark_2020,IL-6/JAK/STAT3 Signaling,22/87,0.7079028543677133,0.8231428539159457,0,0,0.8970626806740464,0.3098888731638095,PTPN1;JUN;IFNGR1;STAT1;IFNGR2;STAT3;PTPN11;OSMR;ACVR1B;IL17RB;HAX1;CD9;GRB2;CD14;IL6ST;A2M;TNFRSF21;CD44;MYD88;PTPN2;IL13RA1;IFNAR1
MSigDB_Hallmark_2020,KRAS Signaling Up,51/200,0.7498407887885444,0.8348416213586903,0,0,0.9067378790165176,0.2610447364208677,MTMR10;PLVAP;CAB39L;ITGB2;CROT;CTSS;AKT2;FBXO4;SOX9;ST6GAL1;FCER1G;CDADC1;PEG3;IGFBP3;ITGA2;PLAUR;BPGM;DUSP6;WDR33;ANO1;ADAM17;MYCN;SLPI;ZNF639;SPARCL1;TRIB2;SDCCAG8;ENG;GYPC;CXCR4;TOR1AIP2;GLRX;BTBD3;EPB41L3;MAP7;SPP1;APOD;TSPAN1;CBR4;PRELID3B;MPZL2;MAP3K1;GALNT3;TMEM176B;AMMECR1;KLF4;GNG11;TSPAN13;CCSER2;CPE;AVL9
MSigDB_Hallmark_2020,Wnt-beta Catenin Signaling,10/42,0.7513574592228213,0.8348416213586903,0,0,0.8283222059630511,0.2367955858288094,HDAC2;NCSTN;ADAM17;MYC;HDAC11;PSEN2;CUL1;NUMB;CTNNB1;CSNK1E
MSigDB_Hallmark_2020,Inflammatory Response,45/200,0.9514515201815924,0.9999947094761584,0,0,0.7679224666254929,0.0382168475947532,BTG2;HPN;GNAI3;SLC1A2;ATP2A2;AHR;PSEN1;SRI;ACVR1B;ATP2C1;SLC7A2;ICAM1;MYC;CCL5;P2RY2;NAMPT;STAB1;TNFSF10;PDE4B;ITGB8;CD14;TIMP1;LDLR;CD55;GABBR1;SLC31A1;IFNGR2;TPBG;SLC11A2;IL18;PLAUR;EIF2AK2;EMP3;ATP2B1;OSMR;NFKB1;BST2;NFKBIA;RNF144B;KLF6;SELENOS;ABI1;RAF1;IFNAR1;LY6E
MSigDB_Hallmark_2020,Allograft Rejection,43/200,0.976912997783152,0.9999947094761584,0,0,0.7240774646071327,0.0169127706403662,GCNT1;ITGB2;LY75;CAPG;THY1;BRCA1;RPL9;CTSS;ICAM1;IL27RA;IKBKB;MRPL3;RPS19;CCL5;STAB1;TIMP1;CCL19;RPL39;MAP3K7;NCK1;TPD52;CD74;NPM1;RPS9;IFNGR1;STAT1;IFNGR2;GALNT1;IL18;INHBB;RPS3A;HLA-A;HLA-E;NME1;ABI1;EIF3J;UBE2N;DEGS1;CD47;ABCE1;EIF4G3;EIF3D;EIF3A
MSigDB_Hallmark_2020,Pancreas Beta Cells,6/40,0.9793157789996748,0.9999947094761584,0,0,0.4673519197479759,0.0097681859672933,SPCS1;SRPRB;SYT13;SRP14;SEC11A;SRP9
MSigDB_Hallmark_2020,Spermatogenesis,27/135,0.981301440239686,0.9999947094761584,0,0,0.6612385321100918,0.0124812661582803,CLPB;PEBP1;IDE;OAZ3;PGS1;COIL;PRKAR2A;NPHP1;MAP7;NEK2;AGFG1;RPL39L;SLC12A2;GSTM3;RFC4;STRBP;TALDO1;HSPA2;PIAS2;TSN;MTOR;IFT88;VDAC3;CDK1;PSMG1;EZH2;CDKN3
MSigDB_Hallmark_2020,KRAS Signaling Dn,21/200,0.9999947094761584,0.9999947094761584,0,0,0.3084339520634349,1.631781493435242e-06,TFAP2B;BTG2;MAST3;IGFBP2;LYPD3;CELSR2;THNSL2;TENT5C;LFNG;SNN;MFSD6;VPS50;SELENOP;PKP1;EFHD1;COQ8A;BMPR1B;SKIL;FGFR3;SLC29A3;SPTBN2
